,count,mean,std,min,25%,50%,75%,max
fri,50.0,33.7028,16.25811082230048,6.08,18.13,36.114999999999995,47.955,60.77
